Timestamp;Numpack;O1;O2;T3;T4;O1_raw;O2_raw;T3_raw;T4_raw;Timestamp_ms;label
1;0;-0.015412371979346307;0.012502331274337069;-0.035874700364311084;-0.014164168535476529;-0.02892229931096965;0.022491095057578143;-0.04439358176572968;-0.03173793004792218;1716325030468;Noise
2;0;-0.02687208015322766;-0.006153502500618885;-0.054579778269774136;0.005269857128046826;-0.029543332618076915;0.0155910640631333;-0.04492382519133109;-0.03232424957680662;1716325030468;Noise
3;1;-0.02624372720568078;-0.01404239863697835;-0.04058014388221361;-0.006134078042948098;-0.029952268554943616;0.010718546598955726;-0.045233578904704;-0.03267329470948668;1716325030516;Noise
4;1;-0.025379188583212534;-0.01789617658515863;-0.03589576828798139;0.0025624421635565137;-0.030218534678015403;0.007068259304293923;-0.04542088071907112;-0.03290637293469709;1716325030532;Noise
5;2;-0.0342359911487882;-0.017107248920271476;-0.03356089080252716;0.0017434257279751522;-0.030377226235605466;0.004207996566769187;-0.04552845528455285;-0.03306468302219679;1716325030532;Noise
6;2;-0.031176985831157834;-0.019044827416668242;-0.028422043505248944;0.0003461225910868296;-0.030481749040364305;0.0018608111007796296;-0.04558834608873948;-0.03317454640822068;1716325030532;Noise
7;3;-0.03362928571888049;-0.01730713256367795;-0.02444675365464958;0.001666268422176112;-0.03056262069952078;-9.460458240946047e-05;-0.04561581193524546;-0.033237488973130204;1716325030532;Noise
8;3;-0.03453565729572895;-0.017963503909312714;-0.022890912036688447;0.003950914566608035;-0.03065264764084591;-0.0017135636459003887;-0.04561390458479365;-0.03327067687099158;1716325030532;Noise
9;4;-0.033574717440153216;-0.016827428587477437;-0.021613887965361556;0.0018855066960305061;-0.030698042581598837;-0.0030777006890303506;-0.04558987196910092;-0.03327868774288916;1716325030532;Noise
10;4;-0.030236375537560964;-0.01565055095077142;-0.019501301071820902;0.0018501621206279822;-0.03068430965834585;-0.004281620294208807;-0.04555286937033593;-0.03329127625587106;1716325030532;Noise
11;5;-0.0315389710496818;-0.01152876838202262;-0.01905164280467945;0.0019175726084066334;-0.030662947333285652;-0.005378346803995899;-0.04550900030994445;-0.03330653505948549;1716325030532;Noise
12;5;-0.029630397351688344;-0.011502678011316832;-0.015392869461788545;-0.0004698148147185416;-0.030685072598526573;-0.006364828457668741;-0.045460172138378274;-0.03330462770903369;1716325030532;Noise
13;6;-0.028459138462046903;-0.007867319521724328;-0.014913723031978025;0.0005695445108734164;-0.03069460935078559;-0.007198722075197291;-0.04539837398373984;-0.03325312924683499;1716325030548;Noise
14;6;-0.030146809330570807;-0.005488605292468536;-0.01104149775100384;-0.0005322999679824476;-0.030675917316357916;-0.007938392580406742;-0.045327802017023106;-0.033208497246262784;1716325030548;Noise
15;7;-0.029002152154404593;-0.00590211402029589;-0.008332275891110238;0.0013649106677889374;-0.03062174856352669;-0.008616646401068117;-0.0452530338793124;-0.03317759816894357;1716325030564;Noise
16;7;-0.02959390704373378;-0.004413491046609649;-0.007677408375275849;0.0026976022709491766;-0.03059466418711108;-0.009299477862813819;-0.04518742102377036;-0.033161576425148415;1716325030564;Noise
17;8;-0.028155767831943537;-0.004534171849614511;-0.005785848987965407;0.0031899834348992403;-0.030564909520062942;-0.009900293255131965;-0.04512066375795723;-0.03312724411701595;1716325030564;Noise
18;8;-0.02676484863520359;-0.0037736014545058927;-0.005351838849228015;0.004560126950527221;-0.030550032186538876;-0.010423288749016523;-0.045039029158620035;-0.03307002360346184;1716325030564;Noise
19;9;-0.02532402878890488;-0.0028442002901312713;-0.00506779230761523;0.005023175541360893;-0.030518751639129295;-0.010887919319075888;-0.04495434279855995;-0.03301966955153422;1716325030564;Noise
20;9;-0.02337452276237327;-0.0014408573189884505;-0.004664007890063271;0.004774902733605802;-0.03047411963855709;-0.011342250196695516;-0.04487537848985528;-0.032982285482678876;1716325030564;Noise
21;10;-0.02169783162030555;8.066438001415668e-05;-0.0036776173747540657;0.004605393449929173;-0.030413084424099374;-0.011797725484586224;-0.044799084471783136;-0.03294451994373316;1716325030564;Noise
22;10;-0.02096145133291744;0.0019822681408971574;-0.0029255239142424484;0.004882971516052704;-0.030370741244069334;-0.012205517011181843;-0.044720501633168826;-0.032893784421715186;1716325030564;Noise
23;11;-0.020211173031227627;0.0030648592464071825;-0.0013386932498408999;0.004549790930322286;-0.03036807095343681;-0.012583553870729323;-0.044641918794554515;-0.03284076007915505;1716325030564;Noise
24;11;-0.01925675258430958;0.004281684305382491;-0.00037119441017204394;0.005334956024305245;-0.03033297570512362;-0.012899029635457646;-0.044561810075578766;-0.032782013685239496;1716325030564;Noise
25;12;-0.019234635096073288;0.005545485853746805;0.0008509976541266513;0.005633474634370783;-0.03026392961876833;-0.013232815964523283;-0.04448208282669337;-0.032740433445390175;1716325030564;Noise
26;12;-0.01823803736354734;0.005675917575566541;0.0022464415988563934;0.006253375524708199;-0.03020518322485278;-0.013589109028920202;-0.044404644398350145;-0.03270533819707699;1716325030564;Noise
27;13;-0.017781635892749854;0.006621434114765217;0.0026573294847866656;0.0071925922788728894;-0.03018725413060582;-0.013905347733829244;-0.04433178361109125;-0.032667191188040914;1716325030580;Noise
28;13;-0.017055961002956383;0.007021222862038684;0.0037223453307404057;0.007497400234768553;-0.03015368476265408;-0.014156355053286603;-0.044248623131392606;-0.03259242305033021;1716325030580;Noise
29;14;-0.015972570804810786;0.007516816799626201;0.004218782784437727;0.00840070986403135;-0.030109815702262597;-0.014372267124430776;-0.04416889588250721;-0.032531006365782135;1716325030580;Noise
30;14;-0.015341669042145983;0.00823497996460739;0.004651610134996809;0.008871154503231992;-0.03003733638509406;-0.014618315332713445;-0.04409107598407362;-0.032486755835300286;1716325030580;Noise
31;15;-0.014242182366065496;0.008571512940327328;0.005228606286588708;0.009192289059824752;-0.029998426435877263;-0.014910521421929761;-0.044017452256634004;-0.032457001168252154;1716325030596;Noise
32;15;-0.013393816603559795;0.009282072995070174;0.005543908596252707;0.009619314767137522;-0.029954175905395418;-0.01515580669003171;-0.043945354409555826;-0.03241236916767995;1716325030596;Noise
33;16;-0.012632608505940116;0.009924416443562843;0.005990853987804169;0.009858723309411488;-0.029937009751329187;-0.015357222897742174;-0.043874019502658373;-0.032353241303674035;1716325030612;Noise
34;16;-0.011807199445996187;0.010567944305689145;0.006440419594024291;0.010105673618213951;-0.02989809980211239;-0.015515914455332238;-0.04379467372386334;-0.03228495815749947;1716325030612;Noise
35;17;-0.011101986291696755;0.011228422148323092;0.0068778795201495935;0.010350556713060219;-0.029837827527835398;-0.015725723005030636;-0.04371837970579119;-0.032242996447559784;1716325030612;Noise
36;17;-0.010567397500087472;0.011831610317858118;0.00738524766048834;0.010525594439309626;-0.02978289583482345;-0.015945449777078416;-0.043651240969887706;-0.032210571489879124;1716325030612;Noise
37;18;-0.010012506746134632;0.012257384520886663;0.007952852680387593;0.010745131779098758;-0.0297455117659681;-0.016134277471806978;-0.04358448370407458;-0.03216975419021052;1716325030628;Noise
38;18;-0.009586773444209594;0.012759642890796298;0.008339920588107841;0.01109617631407962;-0.029737119423980163;-0.016300216961113893;-0.04351543761771929;-0.03212512218963832;1716325030628;Noise
39;19;-0.009194341859330935;0.013128520555330103;0.008836500464316305;0.011333618633523251;-0.029704312996209143;-0.01645547528789071;-0.043446391531363995;-0.03207591254798178;1716325030628;Noise
40;19;-0.00867277139020095;0.013371115893245179;0.009233495226220443;0.011713318748768874;-0.02964137043129962;-0.016615692725842214;-0.04337581956464726;-0.03203356936795174;1716325030628;Noise
41;20;-0.008287899714585018;0.013670249911554792;0.009514902884362615;0.012014121784494932;-0.029580335216841905;-0.016786972796414182;-0.043308299358653414;-0.032006866461626496;1716325030644;Noise
42;20;-0.007800541723667596;0.013812793916230663;0.009828652885941563;0.012230518630674753;-0.029559735831962426;-0.01695901580716687;-0.04324459385356317;-0.031963378871325374;1716325030644;Noise
43;21;-0.007338861093118869;0.014084166065817387;0.009986567861703268;0.012538390258900826;-0.029537992036811865;-0.017077653005269058;-0.043177455117659684;-0.03189356984478936;1716325030644;Noise
44;21;-0.006907678238030582;0.014352673841466225;0.01017116483087902;0.012717969743465297;-0.029496411796962545;-0.01718370169038934;-0.04310955344157547;-0.031834441980783446;1716325030644;Noise
45;22;-0.006410561525452404;0.014569070548738282;0.010339282221592657;0.012874947842924435;-0.029434232172233746;-0.017307297999666214;-0.04304317764585271;-0.031786758219488356;1716325030692;Noise
46;22;-0.006022120825615679;0.014809362534020395;0.010466718835570451;0.012962828728393834;-0.029398755453830198;-0.01746408220680447;-0.04298176096130463;-0.03176387001406671;1716325030692;Noise
47;23;-0.005667726026444579;0.015008273970835723;0.010625398051185595;0.013009639178188826;-0.029361371384974848;-0.017616288772858403;-0.04292644779820232;-0.031733352406837854;1716325030708;Noise
48;23;-0.005346368177142036;0.015209063654913974;0.010769392023851245;0.013082957747747774;-0.029340390530005006;-0.017723481868249766;-0.042863505233292805;-0.031681091004458435;1716325030708;Noise
49;24;-0.005063923903278263;0.01543701591462165;0.010896365446455515;0.01316882385558264;-0.02930376940133038;-0.0178028276470448;-0.04279560355720859;-0.03162921107216937;1716325030724;Noise
50;24;-0.004808073992934666;0.015589645085805943;0.011040819794016854;0.013209721852284317;-0.029254559759673844;-0.017920320434875903;-0.042733423932479794;-0.0315929714135851;1716325030724;Noise
51;25;-0.00457220785345035;0.01567782618159026;0.011170317647173899;0.013258276971271457;-0.029203824237655867;-0.018048875855327468;-0.04267734782919677;-0.03156245380635624;1716325030724;Noise
52;25;-0.0043873251737282255;0.015759873451145642;0.01125271946786417;0.013300555936316386;-0.029170254869704124;-0.018167513053429656;-0.04262508642681735;-0.031531173258946665;1716325030724;Noise
53;26;-0.004215100232786399;0.015809010460799106;0.011323169981217525;0.013321997937686484;-0.02916262546789691;-0.018272035858188495;-0.042572062084257206;-0.031491500369549154;1716325030740;Noise
54;26;-0.00403254275513187;0.015872939203757166;0.011361313756731021;0.013386984408436513;-0.02912562286913192;-0.01834184488472451;-0.04250988245952841;-0.03143962043726009;1716325030740;Noise
55;27;-0.0038547844295988287;0.015905659278004206;0.01138134916610725;0.013401796961280908;-0.029073361466752497;-0.01843072741577856;-0.04245228047588394;-0.031399566077772216;1716325030756;Noise
56;27;-0.0036691278587534844;0.015892619358242786;0.011392848129693066;0.013381380501993194;-0.029015759483108028;-0.018545168442886777;-0.042397730252962354;-0.03137019288081444;1716325030756;Noise
57;28;-0.00354283024911271;0.015882854373972514;0.01135997041717342;0.013330562284249748;-0.029004315380397206;-0.018661516820446797;-0.04234813914121546;-0.03134310850439883;1716325030756;Noise
58;28;-0.003429102945516696;0.015892120528646636;0.011320631214339396;0.013283503806020822;-0.028992489807596025;-0.01873666642824786;-0.04229511479865532;-0.03129161004220013;1716325030756;Noise
59;29;-0.003304859977737865;0.015907675083287984;0.011270008019818742;0.013234449855539147;-0.028962353670457526;-0.018795794292253774;-0.04224056457573373;-0.031246215101447202;1716325030756;Noise
60;29;-0.0031988729039792926;0.015901137677492037;0.011216381015743715;0.013154652360027245;-0.028908947857807024;-0.01887742889159097;-0.04219173640416756;-0.031216078964308707;1716325030756;Noise
61;30;-0.0031282048414966613;0.01584488603008937;0.011161925773800657;0.013036471985736792;-0.028881482011301054;-0.018981951696349808;-0.042145959993324274;-0.03119776839997139;1716325030756;Noise
62;30;-0.003082225262743524;0.015787444664711592;0.011094255921345518;0.012927833758571448;-0.028853253224614357;-0.019079989509572515;-0.04209865770211955;-0.031168013732923255;1716325030756;Noise
63;31;-0.003061912615428774;0.01573807028392057;0.011016818176162346;0.012826108661268746;-0.028840664711632453;-0.01913911737357843;-0.04205173688100518;-0.03112338173235105;1716325030787;Noise
64;31;-0.003035663582956717;0.01568245154504086;0.010929689368109794;0.01272967589116952;-0.02881243592494576;-0.019199389647855423;-0.04199756812817395;-0.03107646091123668;1716325030787;Noise
65;32;-0.0030194683049624676;0.015601932263493216;0.010846958590234044;0.012612613770504889;-0.028765896573921753;-0.019272631905204684;-0.041944925255704174;-0.031043273013375297;1716325030787;Noise
66;32;-0.0030115976674026657;0.015485876233197847;0.010750200651751664;0.012476111949103181;-0.028717068402355578;-0.019358081205445486;-0.04189953031495124;-0.03102419950885726;1716325030787;Noise
67;33;-0.003026075415390541;0.015352422641632895;0.010633428905083604;0.012330277355828279;-0.028689984025939967;-0.019447345206589896;-0.04185260949383687;-0.030990248670815155;1716325030787;Noise
68;33;-0.003064236017706291;0.015238829858265248;0.010493723482984869;0.012181233106057695;-0.02869189137639177;-0.019516009822854827;-0.0418106477838972;-0.030951720191688722;1716325030787;Noise
69;34;-0.003097350161661804;0.015140926645995196;0.010353578032775571;0.01204885176621228;-0.028663281119614716;-0.019551868011348734;-0.04176143814224066;-0.030911284362110485;1716325030787;Noise
70;34;-0.0031103993551538783;0.015005585615997168;0.010207879099117252;0.011885554960510816;-0.02861407147795818;-0.01961748086689078;-0.04171222850058413;-0.030889922037050283;1716325030787;Noise
71;35;-0.003148604694527114;0.014851066219951591;0.010055750475595175;0.011691072114257371;-0.02857516152874139;-0.019699496936318336;-0.04167255561118661;-0.030881529695062346;1716325030787;Noise
72;35;-0.0032196007315508594;0.014674744891980295;0.009887200215783522;0.01148559112268508;-0.028572491238108864;-0.01979372004863744;-0.0416347900722409;-0.030865126481176838;1716325030802;Noise
73;36;-0.003300492267574725;0.014532551209229291;0.0097154676547405;0.011309483126787237;-0.028561428605488402;-0.01984712586128794;-0.04159320983239158;-0.030822020360966075;1716325030802;Noise
74;36;-0.003368230501821265;0.014403107015540048;0.009545545983102366;0.011143383245046386;-0.028532055408530627;-0.019870395536799944;-0.04155201106263262;-0.030776625420213147;1716325030802;Noise
75;37;-0.0034366949951812453;0.014241427050483205;0.009369380253193412;0.010949927419721037;-0.02848780487804878;-0.019939823093245594;-0.04151615287413871;-0.03075144839424934;1716325030802;Noise
76;37;-0.0035421377088041793;0.014047732245629345;0.009201003705971163;0.010726142213787863;-0.028462627852084973;-0.020027179743938202;-0.04147915027537372;-0.030738859881267434;1716325030802;Noise
77;38;-0.0036457880369269342;0.013859911544542568;0.009024871025329714;0.010522628145538905;-0.028435543475669362;-0.020090503778938083;-0.04143528121498224;-0.030708342274038576;1716325030802;Noise
78;38;-0.003756320483055905;0.013693266124312554;0.008831831328869121;0.010321576660760579;-0.028426388193500705;-0.020129032258064516;-0.04139408244522328;-0.030669813794912144;1716325030802;Noise
79;39;-0.003866240440440181;0.013540112292399866;0.00863424556099365;0.010133149380415927;-0.028405407338530864;-0.020149631642943994;-0.041354028085735406;-0.030632429726056794;1716325030834;Noise
80;39;-0.003969842046692188;0.01334820639358433;0.00844054860445698;0.009920427289570032;-0.02836611591922371;-0.02020837803685955;-0.04131359225615717;-0.030612211811267675;1716325030834;Noise
81;40;-0.004081438571550399;0.013123262593780447;0.008250998134397641;0.009681191967502611;-0.028323009799012946;-0.020300693798726843;-0.04127849700784398;-0.030600767708556853;1716325030834;Noise
82;40;-0.004218957154862105;0.01290573220404002;0.008053207305777537;0.009445376837306979;-0.02830813246548888;-0.020369358414991774;-0.041245690580072956;-0.03057940538349665;1716325030850;Noise
83;41;-0.004368786920886139;0.01271764368684001;0.007831069113831513;0.009223813355101168;-0.0283195765681997;-0.02040864983429893;-0.04121059533175977;-0.030550795126719595;1716325030850;Noise
84;41;-0.004504847134485398;0.012542451978346875;0.007613741808830543;0.009013068206486358;-0.02830393629449491;-0.020438023031256705;-0.04117206685263334;-0.030518751639129295;1716325030850;Noise
85;42;-0.004620701425251669;0.012336471010644199;0.007408744174650048;0.008789381729901333;-0.028260067234103427;-0.020488377083184323;-0.041140023365043035;-0.030498533724340176;1716325030850;Noise
86;42;-0.004751768866531825;0.012104374643814624;0.0072002404204212795;0.008544547459843531;-0.028223827575519157;-0.020567341391888993;-0.04111103163817562;-0.03048975991226188;1716325030850;Noise
87;43;-0.004915273745559145;0.01188234013742901;0.006983581844233961;0.008295030652358504;-0.02822459051569988;-0.02063028395679851;-0.041081276971127484;-0.03047450110864745;1716325030850;Noise
88;43;-0.005069841188785765;0.011692069916105795;0.0067648013131662785;0.008077032421190955;-0.028218868464344467;-0.0206546980425816;-0.041044274372362494;-0.03044398350141859;1716325030850;Noise
89;44;-0.005208898596603466;0.01149372235814458;0.006546442010165328;0.007852678424058533;-0.028195980258922823;-0.02069665975252128;-0.04100879765395894;-0.030418043535274063;1716325030850;Noise
90;44;-0.005345419186759036;0.011285093143951852;0.006345871396416146;0.007625685601229018;-0.02815211119853134;-0.02073938440264168;-0.0409752282860072;-0.030398588560665667;1716325030866;Noise
91;45;-0.005496082866841697;0.01104367757677569;0.006132030056005088;0.0073711202448114785;-0.028134563574374747;-0.020821400472069238;-0.04094547361895907;-0.030392485039219895;1716325030881;Noise
92;45;-0.005661924429454873;0.010830049776047351;0.005924173511010846;0.007139297705009392;-0.028117015950218153;-0.020868702763273968;-0.04091381160145913;-0.030367689483346446;1716325030881;Noise
93;46;-0.005819150744521908;0.010627619245581216;0.0057056935013085515;0.006920430922309449;-0.028112819779224186;-0.020894261259328136;-0.04088024223350738;-0.03033640893593687;1716325030881;Noise
94;46;-0.005971208831850396;0.01043802389159329;0.005482905467074757;0.006700860714861671;-0.028097179505519397;-0.020923252986195552;-0.04084858021600744;-0.030312376320244142;1716325030881;Noise
95;47;-0.006119101895814301;0.010223129716689332;0.0052745600661727905;0.006472473480843406;-0.028068950718832704;-0.020972844097942447;-0.04081653672841714;-0.030291776935364664;1716325030881;Noise
96;47;-0.0062614769403998086;0.010000585729508224;0.005073976215723572;0.006243136312453448;-0.02803004076961591;-0.02102663138068331;-0.040786400591278645;-0.030273466371027347;1716325030881;Noise
97;48;-0.006423598364783312;0.009781737303510783;0.004857183078645069;0.006006993834327451;-0.028023555778079776;-0.021077748372791645;-0.040762749445676275;-0.030255155806690033;1716325030881;Noise
98;48;-0.006600472532133724;0.009583641556567648;0.0046293943599848685;0.0057779956394056285;-0.028037288701332763;-0.021117421262189164;-0.040742150060796796;-0.030231504661087667;1716325030881;Noise
99;49;-0.006758079222234325;0.00939999853449278;0.004420326919081358;0.005574450944886429;-0.02802050401735689;-0.021131154185442147;-0.04071277686383902;-0.030203275874400973;1716325030881;Noise
100;49;-0.006892283071193519;0.009192097167020092;0.0042151346475744825;0.00535344799945253;-0.027982357008320816;-0.021178075006556517;-0.040683403666881245;-0.030192594711870874;1716325030881;Noise
101;50;-0.007040770837643685;0.008969242141045492;0.004017466956330474;0.005113563529918923;-0.02795298381136304;-0.021239491691104596;-0.040663567222182485;-0.03018992442123835;1716325030896;Noise
102;50;-0.007212727588377493;0.008740543354740636;0.003804968861272469;0.004874549069616055;-0.027965572324344944;-0.021308156307369527;-0.04064296783730301;-0.030182295019431135;1716325030896;Noise
103;51;-0.007381782410832427;0.00856198952352724;0.00359994029024404;0.004675794053557834;-0.027965572324344944;-0.0213249409913454;-0.040613976110435594;-0.03014796271129867;1716325030896;Noise
104;51;-0.007512178760750771;0.00838925098345883;0.0034058160666775115;0.0044845912671814675;-0.02793734353765825;-0.021332570393152613;-0.04058193262284529;-0.030125074505877026;1716325030928;Noise
105;52;-0.00763470951885864;0.008206973436112456;0.0032217979515278584;0.0042998088134388445;-0.027885082135278832;-0.021349736547218844;-0.04054988913525499;-0.030094938368738527;1716325030960;Noise
106;52;-0.007779596918788217;0.007982310077578027;0.0030287062870667843;0.0040585317726111545;-0.027880123024104142;-0.021432134086736762;-0.04052967122046587;-0.030098371599551775;1716325030960;Noise
107;53;-0.007945141015139977;0.007786583950062542;0.0028441339481913713;0.003849447910656556;-0.027864864220489713;-0.021479054907851132;-0.04050830889540567;-0.030085401616479508;1716325030960;Noise
108;53;-0.008090432504500276;0.007604057372178535;0.002652462929143059;0.003662857309266186;-0.027865627160670436;-0.02148935460029087;-0.04047969863862862;-0.03005412106906993;1716325030960;Noise
109;54;-0.008223602866182695;0.007450587637229731;0.0024552625040514756;0.0034773371211594094;-0.027854945998140333;-0.021508428104808908;-0.040454140142574445;-0.030030088453377204;1716325030960;Noise
110;54;-0.008363836107967693;0.007253903506493799;0.0022793184906250777;0.0032615278938462264;-0.027838924254345185;-0.021575566840712396;-0.04043315928760461;-0.030030088453377204;1716325030960;Noise
111;55;-0.008497591703275227;0.007049239815207994;0.002111020567839638;0.003057556143973893;-0.027808788117206686;-0.02163545764489903;-0.04041065255227332;-0.03002779963283504;1716325030960;Noise
112;55;-0.0086262382818367;0.006864544512465581;0.0019358289595684183;0.0028640541965591175;-0.02779543666404406;-0.021671697303483298;-0.04038814581694204;-0.030011014948859167;1716325030960;Noise
113;56;-0.008766499997344716;0.0067061953223284;0.0017558428121738478;0.0026810595483060477;-0.02780611782657416;-0.021702214910712156;-0.04036067997043607;-0.02998660086307608;1716325030960;Noise
114;56;-0.008895462691132732;0.006564716480853239;0.00159332181181851;0.0025177508731912684;-0.027791240493050092;-0.021710988722790453;-0.040332451183749375;-0.029961423837112273;1716325030960;Noise
115;57;-0.008997013138417933;0.006403113423429502;0.0014290006264747277;0.002347224394022943;-0.02775767112509835;-0.02173502133848318;-0.04030918150823737;-0.0299553203156665;1716325030960;Noise
116;57;-0.009106714325975566;0.006226022557278376;0.0012683264445871728;0.0021564902245703073;-0.027728679398230933;-0.02178804568104332;-0.0402923968242615;-0.029956846196027943;1716325030960;Noise
117;58;-0.009240378688670541;0.00604317255314255;0.0011108342479510085;0.0019721450008965335;-0.027734782919676706;-0.021844503254416708;-0.04027751949073743;-0.02994349474286532;1716325030960;Noise
118;58;-0.009372942282477701;0.005902491731908058;0.0009559715155053449;0.001824691611327399;-0.02773707174021887;-0.021861287938392582;-0.040252342464773626;-0.02991374007581718;1716325030960;Noise
119;59;-0.00947870333130046;0.005776000905938314;0.0008029372115917251;0.0016779383367183176;-0.02772257587678516;-0.021868154400019074;-0.04022945425935198;-0.02989199628066662;1716325030960;Noise
120;59;-0.009569180639097242;0.005631633119058177;0.0006634234851604689;0.0015239367942080527;-0.027686717688291253;-0.02190248670815154;-0.04020732899411106;-0.02988131511813652;1716325030960;Noise
121;60;-0.009677865409239999;0.0054659657080129605;0.0005263526615136554;0.001354634435148246;-0.02767451064539971;-0.0219562739908924;-0.04019130725031591;-0.02987635600696183;1716325030976;Noise
122;60;-0.009786728362157802;0.005316998689477206;0.0003867689894428098;0.0012010925086029531;-0.027664592423050333;-0.021998998641012804;-0.04017337815606895;-0.029865293374341368;1716325030976;Noise
123;61;-0.009898029491030948;0.005188388455329294;0.00024428309021709213;0.001051959307120211;-0.027673366235128626;-0.022020742436163365;-0.04015430465155091;-0.029848127220275137;1716325031007;Noise
124;61;-0.009990557023926743;0.005078078639187005;0.00010669942146577377;0.000918653817213253;-0.027666499773502135;-0.022034475359416352;-0.040133705266671434;-0.02983477576711251;1716325031007;Noise
125;62;-0.010071313954860385;0.00495379308093442;-1.2666518790229245e-05;0.0007901476235013683;-0.027636363636363636;-0.02206041532556088;-0.040110435591159434;-0.02981760961304628;1716325031007;Noise
126;62;-0.01014928038054151;0.004817228098297698;-0.00013014966202658414;0.0006452575072531169;-0.027616145721574517;-0.02210161409531984;-0.040095176787545005;-0.029817228142955916;1716325031007;Noise
127;63;-0.01024154281596091;0.004686762643828862;-0.00025023967920254596;0.000505154499150535;-0.027605846029134778;-0.022145101685620963;-0.04007953651384021;-0.02981455785232339;1716325031023;Noise
128;63;-0.010339153119196977;0.004567359316069535;-0.0003691200439659408;0.0003794874424111628;-0.027618053072026322;-0.022173711942398016;-0.04006160741959326;-0.029790906706721028;1716325031023;Noise
129;64;-0.010415775995887324;0.0044805057210691255;-0.00047960042719604086;0.00028116769101321944;-0.0276066089693155;-0.02217943399375343;-0.04004215244498486;-0.029763822330305414;1716325031023;Noise
130;64;-0.010476280134073649;0.004376822529954749;-0.0005779594419551819;0.0001700383202840241;-0.027571895191092675;-0.0222068998402594;-0.04002155306010538;-0.02975581145840784;1716325031023;Noise
131;65;-0.010540000557772223;0.00425777719625072;-0.0006744516158928328;4.229055948678541e-05;-0.027547481105309586;-0.022247335669837637;-0.040007438666762034;-0.029758863219130727;1716325031054;Noise
132;65;-0.010626830961629823;0.004124721891212846;-0.000789279781399612;-0.0001028227932408747;-0.02756998784064087;-0.022321340867367617;-0.040000572205135546;-0.029763822330305414;1716325031054;Noise
133;66;-0.010713673341036381;0.004047835372912837;-0.0008816984805937803;-0.00018895073244499724;-0.027574184011634837;-0.022324774098180865;-0.03997844693989462;-0.02973406766325728;1716325031054;Noise
134;66;-0.010753806211424279;0.003983931586015928;-0.0009735806751269352;-0.00026378437931024075;-0.027556254917387883;-0.022314855875831485;-0.03995326991393081;-0.02970889063729347;1716325031054;Noise
135;67;-0.010792093689820608;0.0039008474750739323;-0.0010604641446582928;-0.0003688387273349629;-0.02752840760079155;-0.022353002884867558;-0.03993648522995494;-0.029709272107383833;1716325031054;Noise
136;67;-0.010848567127905847;0.003787982151069024;-0.0011323415917443552;-0.0004822687629542728;-0.02751085997663496;-0.02241098633860239;-0.0399242781870634;-0.029711560927925994;1716325031054;Noise
137;68;-0.010908138905549826;0.003690609850739747;-0.0012135756905568024;-0.0005780780769369656;-0.02751124144672532;-0.022448751877548103;-0.039912834084352575;-0.029702024175666978;1716325031054;Noise
138;68;-0.010964245431143611;0.0036355393587761686;-0.0012966348798106285;-0.0006526294942315602;-0.027516963498080728;-0.022449896287819182;-0.03989376057983454;-0.029685620961781466;1716325031054;Noise
139;69;-0.010997520838509653;0.0035842639770879373;-0.0013659590495009068;-0.0007220704186265197;-0.027500178814104857;-0.022455236869084235;-0.03986858355387073;-0.029674558329161004;1716325031054;Noise
140;69;-0.011028748431163875;0.0034987862664501955;-0.0014346490689493823;-0.0008083626621238644;-0.027489116181484398;-0.022502157690198605;-0.03985637651097919;-0.029664640106811625;1716325031054;Noise
141;70;-0.011059496178015207;0.0034255733382658055;-0.0014872373623865537;-0.0008791666019850233;-0.027460124454616982;-0.02253648999833107;-0.03984493240826836;-0.02965662923491405;1716325031054;Noise
142;70;-0.011096711453212137;0.0033517814943127538;-0.0015466517186630661;-0.0009583813375355953;-0.027451350642538685;-0.022570822306463536;-0.03983158095510574;-0.029652433063920083;1716325031054;Noise
143;71;-0.0111460182600671;0.003293960610415758;-0.0016166595456533778;-0.0010367985897978965;-0.02747576472832177;-0.022603247264144196;-0.039818992442123835;-0.02964098896120926;1716325031070;Noise
144;71;-0.01117862651880032;0.0032643408508810715;-0.0016687244976377955;-0.0010791637166223961;-0.02747080561714708;-0.022604773144505638;-0.03980030040769616;-0.029618100755787618;1716325031070;Noise
145;72;-0.011177519010263202;0.003224886169432943;-0.0017115004984239075;-0.0011202902372796884;-0.02743342154829173;-0.02260935078558997;-0.039782752783539564;-0.029607038123167156;1716325031070;Noise
146;72;-0.011179229798151122;0.0031622343126242857;-0.0017550733660895868;-0.0011856228066765163;-0.027403285411153232;-0.02265131249552965;-0.039772834561190185;-0.029605512242805714;1716325031070;Noise
147;73;-0.011220355976580682;0.0030876883983559367;-0.0018021242329293828;-0.0012736476092308855;-0.027424266266123074;-0.02271997711179458;-0.03976558662947333;-0.029610852824070763;1716325031070;Noise
148;73;-0.011258648405824334;0.0030572475562293377;-0.001843067842199687;-0.0013136592940618452;-0.027433040078201368;-0.022732947094866843;-0.03975185370622035;-0.029591779319552727;1716325031070;Noise
149;74;-0.011254090859535163;0.0030453567811169167;-0.0018805973068864584;-0.0013366250151628902;-0.027414729513864054;-0.022721121522065662;-0.039733543141883036;-0.029574994635576855;1716325031070;Noise
150;74;-0.011237487285246834;0.003021806509148399;-0.0019083975398098574;-0.001373664203877096;-0.027378489855279787;-0.02273714326586081;-0.03971752139808788;-0.02957232434494433;1716325031086;Noise
151;75;-0.011249524380274796;0.0029516251214294423;-0.0019358381243088276;-0.001448668595588158;-0.02738077867582195;-0.02281076699330043;-0.03970836611591923;-0.029585294328016595;1716325031086;Noise
152;75;-0.011267414602891684;0.0029128303209611725;-0.0019569184451457954;-0.001485527431943202;-0.02737581956464726;-0.022842429010800372;-0.03969768495338912;-0.029574994635576855;1716325031086;Noise
153;76;-0.011272630415695041;0.002896986630580219;-0.001993543216645124;-0.0015099338807320938;-0.02738993395799061;-0.022848151062155785;-0.03968776673103975;-0.029554776720787736;1716325031102;Noise
154;76;-0.011268601133603222;0.0029082259437208276;-0.0020211107482485634;-0.0015218593232480546;-0.02738573778699664;-0.02284738812197506;-0.03967327086760604;-0.029536466156450423;1716325031102;Noise
155;77;-0.011256132689981926;0.002885735337898824;-0.0020327260698560536;-0.001553173623951039;-0.027368190162840044;-0.022878668669384643;-0.03966144529480486;-0.029539517917173307;1716325031102;Noise
156;77;-0.011242731247932949;0.002849638635113269;-0.0020448036790077593;-0.0015882967225833025;-0.02734987959850273;-0.022916815678420716;-0.03965152707245548;-0.029547910259161245;1716325031102;Noise
157;78;-0.011234188421116363;0.0028208869039561754;-0.0020622466973983546;-0.001618651509735487;-0.027352549889135255;-0.022952673866914623;-0.03964237179028682;-0.029538754976992584;1716325031102;Noise
158;78;-0.011238982984236142;0.002816181552427551;-0.002082015025149646;-0.001641470157090208;-0.02737658250482798;-0.022980521183510957;-0.03963626826884105;-0.029526166464010684;1716325031102;Noise
159;79;-0.011225695642030433;0.0028296499131118848;-0.0020830817233482655;-0.0016309262184917815;-0.027362086641394275;-0.022981284123691676;-0.03961986505495554;-0.02950327825858904;1716325031102;Noise
160;79;-0.011181944660987712;0.0028299468764987866;-0.0020768283634914324;-0.0016355718586339822;-0.027328898743532892;-0.02299387263667358;-0.03960117302052786;-0.029496793267052904;1716325031102;Noise
